Interaction,USD.199,USD.299,USD.399
STC : Somesong,2.204519982,1.919375744,1.671113566
STC : Pear,1.636171972,1.410578636,1.216089825
STC : Gaggle,2.402909897,2.079234922,1.799159372
